tuition,pcttop25,sf_ratio,accrate,graduat,pct_phd,fulltime,alumni,num_enrl,public_private,fac_comp
10500,29,12.8,0.947,45,69,85.28,18,139,1,43300
5210,,14.6,0.908,48,44,95.02,11,341,1,30800
12170,69,13,0.631,97,79,68.59,30,585,1,53900
8850,51,11.4,0.844,56,73,71.62,,296,1,37900
4535,22,17,0.751,62,65,86.38,,580,0,48400
11200,42,14.8,0.743,67,55,78.59,19,225,1,44300
6300,57,16.7,0.9,69,85,90.46,18,3070,0,54600
13320,14,17.6,0.862,51,50,60.3,16,446,1,51000
18550,85,14.2,0.582,93,95,99.07,36,862,1,67800
5780,23,17.9,,32,52,34.67,,110,1,34400
8730,66,13.2,0.929,67,82,95.69,35,314,1,46000
5730,26,15.4,0.745,40,66,81.38,,559,0,51800
1928,38,22.8,0.939,31,65,62.42,,1326,0,50500
7780,32,15.1,0.796,49,50,86.14,,210,1,37400
5521,,,,,,47.79,,,0,53000
6400,44,14.5,0.846,43,80,75.44,10,279,1,54400
10560,31,14.3,0.91,61,36,60.64,10,395,1,43700
17480,49,12.3,0.828,73,75,95.62,32,430,1,51300
5550,,19.2,0.746,39,69,81.3,10,2132,0,50100
13600,70,15.6,0.695,66,93,94.46,13,886,1,72500
13306,70,8.8,0.8,78,62,81.35,10,285,1,48600
6540,,18.5,0.85,58,58,59.18,7,387,1,55400
16304,54,11.1,0.699,69,87,93.05,26,284,1,56500
2844,,19.8,0.759,21,62,49.46,10,1161,0,50600
2970,40,19.4,0.646,76,62,78.49,5,625,0,50300
5775,53,18.7,0.893,,83,71.46,10,2426,0,56700
9210,48,39.8,0.576,34,49,77.59,15,366,1,41800
6840,51,15.1,0.727,59,71,93.89,17,650,0,55200
16249,63,13.6,0.636,52,84,97.63,29,344,1,64200
9300,42,11.1,0.591,63,81,74.58,24,224,1,43200
4700,,6.6,0.782,,58,87.46,17,392,1,63700
5030,46,14.1,0.54,51,68,91.93,,405,0,48900
9950,95,8.6,0.191,91,91,,39,633,1,81600
9690,64,13.3,0.662,74,60,63.91,21,290,1,45800
14134,29,13.1,0.932,63,71,82.98,22,626,1,48400
7629,54,20.4,0.753,64,79,91.9,13,3183,0,64800
8080,47,11.4,0.855,44,63,81.02,9,127,1,36600
11600,63,13.9,0.789,60,81,82.88,10,1349,1,73100
4617,,20,0.884,45,67,80.84,8,1586,0,50000
12350,64,12.6,0.698,63,88,50.17,19,502,1,68300
5130,46,15.5,0.776,,84,54.43,7,59,0,49100
10096,37,11.2,0.644,45,87,75.94,,2399,0,75500
7014,,17.8,0.635,35,56,91.22,,508,0,48200
5600,38,12.1,0.7,44,63,97.89,19,193,1,37500
13900,34,10.9,0.9,59,46,61.28,17,194,1,36400
8200,70,16.9,0.893,56,84,91.49,30,2440,0,58400
9192,,14.4,0.37,69,71,94.25,6,620,1,34500
10440,63,11.8,0.799,64,63,94.69,20,239,1,42000
8568,29,14.5,0.668,41,86,54.91,10,800,0,68600
4990,63,18.1,0.621,99,75,63.39,28,691,1,60300
6276,,15.8,0.957,,57,87.23,,1358,0,51600
6735,59,12.2,0.806,65,70,95.15,7,611,1,38700
7352,67,16.9,0.669,56,72,86.21,20,1241,0,67600
8200,52,12,0.756,64,63,93.32,16,189,1,41000
15500,56,12.8,0.878,,47,94.34,7,504,1,48800
13968,59,10.8,0.807,68,,73.57,7,1381,1,58700
10320,99,14.2,0.809,65,68,85.18,20,467,1,53700
3460,52,19.6,0.997,48,57,79.32,5,951,0,47100
8127,77,17,0.874,65,82,93.03,25,1032,0,67100
17600,97,5,0.49,96,97,96.65,28,1236,1,75300
5604,,10.5,0.839,88,45,53.9,,1263,0,43400
12900,87,13.1,0.819,67,91,67.1,27,186,1,54600
6400,61,12.8,0.778,59,71,83.52,26,769,0,47400
12990,54,14.7,0.77,80,86,94.24,27,738,1,61700
4720,,17.7,0.858,52,66,64.99,20,1682,0,47800
6230,47,13,0.793,63,42,91.46,4,398,1,35500
17748,86,7.8,0.533,71,87,81.51,16,2505,1,90500
5790,23,21.1,0.847,25,75,53.86,14,1662,0,49800
17926,95,10.3,0.562,91,83,96.85,33,531,1,65400
9057,77,14.4,0.973,49,88,87.5,23,823,0,68600
10535,39,12.9,0.928,52,39,87.64,16,227,1,39000
6600,,19.3,0.794,,32,85.98,,382,1,34900
7800,40,16.5,0.82,44,37,84.79,4,958,1,44600
3566,,11.7,0.993,,51,36.63,5,1717,0,60400
8850,65,21.8,0.876,75,29,48.5,,139,1,37400
4860,58,24.7,0.797,41,82,85.79,24,2957,0,59500
14320,72,14.9,0.751,87,77,99.3,17,351,0,52600
8400,52,12.1,0.9,52,10,46,24,35,1,41600
8149,52,13.1,0.87,62,,84.26,37,3262,0,72300
6634,85,17.8,0.696,47,82,51.93,14,560,0,54700
3720,,20,0.98,39,71,80.86,9,1488,0,49800
9650,49,14.9,0.817,83,57,84.32,8,228,1,44900
6700,88,14.1,0.689,61,52,97.16,12,651,1,40600
6456,28,19.9,0.831,51,47,80.42,,522,0,55700
7799,37,17.3,0.674,56,73,88.22,11,2397,0,51500
10870,58,14.4,0.906,85,75,87.57,21,1061,1,52900
11328,43,14.5,0.86,,45,97.34,16,352,1,44100
9990,57,14.3,0.675,64,66,65.51,28,249,1,45500
10430,39,16.5,0.969,45,85,83.48,18,137,1,39600
6800,73,11.6,0.519,63,84,86.29,23,285,0,52600
7870,25,18.8,0.715,,82,90.3,22,748,0,54800
19040,75,9.1,0.729,74,98,76.31,21,1223,1,69900
9100,39,18.9,0.769,63,70,89.78,34,858,1,45600
6120,27,27.6,0.739,36,25,46.08,4,284,1,52800
4425,36,19.6,0.726,46,57,82.16,16,546,0,53900
8150,62,13.6,0.868,67,61,88.14,16,464,1,39000
7699,100,13.9,0.59,66,100,95.08,6,2481,0,73200
21700,53,10.1,0.63,55,35,99.56,33,114,1,44900
6490,,15.4,0.84,54,78,66.81,12,1524,0,58900
3009,30,19.6,1,35,62,72.78,,490,0,38700
11290,45,12.6,0.792,72,76,36.55,11,279,1,47700
7770,,20,0.889,,77,95.91,7,695,0,47200
8384,70,19.5,0.747,41,87,74.72,7,2151,0,69300
7440,52,18.1,0.742,60,70,84.31,12,721,1,49400
7689,100,11.8,0.471,77,97,94.52,9,3591,0,74800
9400,36,12.5,0.827,22,53,92.76,9,336,1,43100
6490,78,17.6,0.501,84,75,80.28,30,756,0,51300
10300,46,14.5,0.933,56,42,89.28,,260,1,37100
9700,38,14.5,0.85,66,45,45.55,10,207,1,45200
9900,87,10.5,0.792,54,59,91.79,14,146,1,44700
6120,55,17.2,0.658,51,73,85.1,18,1265,0,46200
11475,21,9.1,0.874,,32,88.85,23,171,1,38700
13420,65,15,0.919,77,88,82.07,24,839,1,60000
5040,27,14.7,0.889,57,54,33.93,,231,1,45900
11450,54,11.4,0.62,64,72,83.76,13,265,1,43400
13030,64,14.5,0.723,84,79,94.18,34,463,1,54000
12500,36,16.8,0.778,80,73,64,22,514,1,51000
7128,,7.5,0.324,46,78,88.47,4,1666,1,58700
13218,40,13.3,0.788,69,95,99.89,53,307,1,50200
3096,15,19.6,0.997,33,53,31.76,,871,1,43800
9384,35,14.3,0.892,118,22,98.83,20,527,1,42300
17900,89,9.2,0.596,74,86,93.61,31,1191,1,82000
6140,26,14.7,0.98,23,60,35.49,31,723,0,50400
11500,55,6.2,0.827,65,94,60.55,15,868,1,70100
4386,46,15.8,0.844,63,49,62.26,8,380,0,40000
9114,56,19.7,0.849,53,88,61.8,13,1173,0,71000
7070,36,17.1,0.828,84,95,87.39,17,611,0,52000
4560,,19.7,0.938,19,77,53.97,,1766,0,54700
4380,16,18.3,0.685,,60,89.51,,946,0,43200
16624,48,12.8,0.804,47,72,88.83,6,351,1,65600
5904,75,18.9,0.814,63,,89.8,5,1278,0,70700
5100,,11.8,1,,50,56.59,,268,1,36400
6680,90,23.1,0.745,58,80,85.36,15,3023,0,61600
4136,80,18.2,0.515,29,80,85.84,36,1358,0,57100
12348,50,13.1,0.85,61,,72.99,18,1118,1,70900
3952,34,18,0.955,,62,83.99,,131,1,33100
6594,30,14.4,0.833,33,69,45.25,17,980,0,53700
10700,31,17.6,0.67,69,74,84.39,34,830,1,54200
17295,96,12,0.403,94,95,99.63,46,452,1,64400
8530,46,14.9,0.579,37,56,56.06,25,295,1,43700
12572,73,15.3,0.852,68,79,97.9,32,385,1,52700
6640,,12.2,0.732,52,95,85.19,12,2675,0,62800
7699,100,21.3,0.796,59,94,93.49,10,1717,0,66000
16425,55,13.3,0.648,90,81,61.32,23,382,1,56400
9490,,10.5,0.735,66,65,60.1,18,218,1,38200
5925,57,15.9,0.833,37,83,81.24,11,3079,0,55900
19300,82,6.1,0.557,83,89,90.5,18,263,1,67700
9240,31,7.2,0.903,47,29,70.5,17,183,1,41800
25180,90,9.8,0.445,93,79,,40,577,1,63500
8840,35,17.4,0.682,78,69,56.08,19,192,1,36600
10570,51,14.5,0.778,66,86,71.36,29,354,1,52400
4515,13,18.6,0.828,60,53,98.72,34,330,1,30300
10500,49,11.3,0.861,64,44,59.79,30,159,1,40500
11120,51,11.1,0.858,69,55,46.26,23,388,1,46900
6857,53,12.8,0.881,37,89,62.39,9,2400,0,65200
9985,33,27.2,0.819,85,53,24.59,8,217,1,37000
13500,56,9.3,0.929,52,95,76.09,37,91,1,50000
4400,47,10.4,0.526,92,53,98.26,16,217,1,29400
4500,40,16.5,0.818,33,67,72.66,7,1137,0,47100
9700,48,19,0.779,56,73,93.79,,181,1,48400
7452,45,21.1,0.793,67,81,91.87,14,3076,0,64300
4528,48,17.1,0.977,58,49,83.91,16,459,0,41300
12500,52,13.5,0.897,52,53,96.73,22,294,1,44400
7142,46,19.2,0.737,67,,87.82,,1375,0,56500
3957,45,20,0.894,45,66,78.67,13,1525,0,46700
11550,25,14.5,0.864,40,43,46.25,8,63,1,38600
5336,57,15.3,0.865,48,84,88.56,14,2181,0,55500
5552,42,17.6,0.81,37,75,89.79,8,1779,0,49800
5130,85,23.1,0.727,69,89,91.88,29,6392,0,63700
5634,54,15.9,0.81,49,97,85.31,16,1652,0,47300
14400,55,18.4,0.651,96,66,73.24,35,973,1,64600
8786,37,15.9,0.721,38,79,60.83,8,1930,0,63200
15036,63,10.6,0.741,78,90,98.75,46,274,1,55100
10390,72,12.5,0.786,60,54,92.51,37,281,1,47700
5750,18,25.3,0.978,22,67,71.34,,370,0,59900
6618,60,22.2,0.424,46,80,63.29,9,1918,0,54500
7092,49,18.1,,46,69,90.08,15,,0,54500
5800,24,14.8,0.66,48,62,56.78,3,377,0,45700
9376,52,13,0.867,52,57,96.19,17,262,1,42600
1740,,18.8,0.794,36,58,92.5,4,444,0,36300
4104,65,14.6,0.64,32,,62.12,13,2150,0,65100
5820,,9.5,0.639,100,48,55.75,13,21,1,39500
7200,24,13.8,0.908,,67,70.2,,788,1,51100
7800,30,22,0.902,84,36,57.39,4,361,1,37400
10750,34,14.6,0.769,64,90,87.28,26,753,1,58200
11720,88,12.1,0.436,93,89,97.48,31,1217,0,65000
13325,15,9.5,0.924,59,42,79.15,25,199,1,42300
4694,65,16.5,0.831,46,57,68.78,,557,1,41800
4571,,19.7,0.647,46,60,91.89,15,3034,0,45300
11790,46,11.9,0.685,83,75,62.07,35,177,1,45000
12750,71,17.4,0.795,83,84,65.3,13,776,1,62300
3222,23,29.2,1,51,63,67.2,9,588,0,39600
2920,54,15.8,0.52,31,72,70.5,,500,0,59800
12850,56,12.2,0.731,73,78,62.85,30,348,1,50000
8670,36,12.5,0.779,48,43,67.5,4,85,1,37300
15350,83,10.3,0.669,82,89,97.92,52,326,1,63600
5094,60,16.6,0.867,50,77,76.71,10,2007,1,47700
16160,53,8.9,0.78,79,74,87.73,33,295,1,59300
5697,79,14.7,0.702,63,88,87.68,22,3320,0,60700
5016,18,28.8,0.919,59,48,79.21,12,891,0,41000
9190,,18.6,0.782,53,74,70.21,,778,1,63900
10230,56,14.8,0.848,81,75,96.15,41,913,1,57100
4300,29,19,0.87,68,57,84.34,11,1547,0,58000
4440,35,6.7,0.701,33,96,59.7,16,938,0,58700
7230,50,10,0.683,34,82,82.26,6,2710,0,59600
18165,95,12.3,0.553,89,100,98.55,49,313,1,63900
6150,54,16.6,0.732,52,59,82.48,4,269,1,36300
5130,54,23.1,0.565,34,60,73.48,5,1016,0,51700
4238,25,19.6,0.724,50,37,68.65,,1800,0,44500
13404,44,15.6,0.877,65,78,82.5,30,326,1,50300
9990,70,15,0.828,67,85,97.9,24,302,1,42800
6694,50,15.7,0.765,47,74,64.34,12,1030,0,59400
3108,,13.3,0.906,43,80,71.86,,1047,0,50400
10760,74,13.4,0.863,63,85,93.55,26,246,1,48900
3840,50,20.3,0.841,100,52,62.64,9,913,0,47600
12600,42,10.4,0.767,43,77,60.17,7,97,1,53500
12247,62,13.1,0.921,72,70,94.33,26,511,1,46800
8160,39,14.6,0.828,,,54.94,17,905,0,57800
14900,85,8.3,0.755,69,93,95.63,42,130,1,48400
7115,53,14.3,0.865,34,91,69.96,,1891,0,56100
8600,32,15.4,0.973,49,48,80.96,9,181,1,40000
5739,38,15.9,0.625,38,70,67.6,13,381,0,45000
18000,95,11.3,0.565,95,92,99.18,55,659,1,64400
8330,31,13,0.813,39,64,67.39,31,176,1,40400
9980,18,12,0.678,51,46,80.71,,123,1,35900
11320,61,12.7,0.922,58,82,85.7,38,319,1,47500
8670,92,11.3,0.815,68,42,63.02,33,477,1,43200
9843,86,14.6,0.599,51,74,92.3,16,588,0,52200
5453,14,14.2,0.691,37,61,96.34,,407,1,39400
8955,51,11.8,0.707,52,51,84.03,23,131,1,34300
17020,100,6.3,0.422,93,95,94.55,38,2464,1,94500
12200,54,14.2,0.838,66,73,96.72,32,282,1,50500
6550,,17.1,0.58,60,70,90.55,13,872,0,57100
8285,33,19.4,0.483,57,58,86.47,,1136,0,68500
17000,93,9.6,0.412,87,99,99.89,52,227,1,75100
13750,93,9.6,0.331,90,81,99.81,45,425,1,72800
19000,95,6.9,0.373,93,91,,22,3286,1,73200
5715,,18.1,0.881,42,74,64.32,,645,0,48300
9866,57,15.9,0.77,53,77,86.16,20,1609,0,54800
13540,38,14.1,0.607,47,66,48.46,23,226,1,49400
17230,100,8.2,0.415,100,100,99.24,46,178,1,80500
6550,40,17.8,0.446,53,82,93.54,17,1036,0,56300
8074,66,16.9,0.756,63,84,77.48,18,2328,0,57700
6073,72,16.4,0.951,74,71,77.94,31,320,0,51200
7350,44,13.6,0.724,74,52,52.5,21,222,1,44600
6400,44,16.2,0.986,45,58,86.16,8,351,1,46600
4738,55,20.2,0.858,52,72,86.21,27,1190,0,50300
7310,,13.4,0.893,41,18,70.9,,1117,1,44600
9570,47,15.1,0.894,60,67,71.32,42,244,1,43100
5595,63,15.1,0.956,53,86,83.84,48,3526,0,63500
10200,30,11.7,0.77,68,63,55.72,20,239,1,46400
12950,52,12.4,0.439,60,72,76.76,17,247,1,50700
9100,41,23.6,0.746,47,51,30.39,24,242,1,41800
7540,32,11.4,0.532,75,38,70.23,,135,1,31700
5700,,17.9,0.999,,55,92.98,,769,1,37500
4450,30,22.9,0.687,58,43,97.23,3,188,1,26500
5400,55,14,0.799,56,65,74.36,,215,1,43400
14067,66,10.6,0.791,79,75,78.43,34,244,1,47400
8094,75,10.6,,23,51,55.23,3,125,1,42900
8124,71,22.7,0.642,61,83,94.63,10,1549,0,57300
8832,62,13.5,0.647,72,92,66.79,19,483,0,79900
13380,42,12.9,0.714,46,73,52.2,17,2517,1,70500
10955,56,10.6,0.811,53,62,96.8,31,113,1,43800
6994,39,20.4,0.771,32,82,56.31,17,896,0,51400
9766,72,21.3,0.798,68,77,90.11,24,5873,0,68500
11985,70,9.2,0.73,91,93,70.02,15,564,1,54000
19545,99,4.7,0.265,98,95,99.19,49,1087,1,77400
7844,,19.2,0.911,63,61,88.86,19,1188,0,66500
6892,31,16.6,0.841,40,72,81.52,8,3147,0,54500
9130,36,12.6,0.956,54,46,86.75,25,185,1,36400
5879,12,10.6,1,,20,74.36,15,611,0,41100
11800,81,14.2,0.832,95,87,92.66,23,520,1,54800
18590,98,5,0.282,97,95,99.15,44,1583,1,86200
19760,96,8.4,0.231,100,93,99.69,63,418,1,77400
18810,84,10.4,0.588,91,91,87.68,48,478,1,70400
7699,100,13.4,0.772,62,98,96.31,8,1470,0,63200
4440,78,18.9,0.66,51,72,87.81,8,570,0,47700
8958,46,15.3,0.781,64,53,84.54,26,167,1,39500
13780,35,5.7,0.47,,84,59.53,20,61,1,41300
13840,46,10.7,0.748,74,77,97.54,38,306,1,48800
5010,49,14.5,0.176,53,53,97.14,,311,1,31800
8950,43,10.6,0.799,54,57,57.06,20,86,1,37700
13000,57,11.6,0.837,56,91,98.39,43,204,1,46400
10690,33,16,0.722,66,66,72.98,14,913,1,58700
10335,64,8.3,0.743,73,71,69.07,29,126,1,39100
4104,46,25.3,0.735,50,94,63.21,3,1686,0,54800
5950,41,8.4,0.765,,38,69.64,,81,1,35800
3854,,24.3,1,29,61,81.6,13,2297,0,42100
5028,65,14.8,0.961,39,73,86.7,10,2133,0,55000
3811,39,14.6,0.94,,71,83.43,28,1268,0,43600
9550,24,14.1,0.981,58,64,58.35,18,222,1,34200
6198,35,19.1,0.821,46,89,88.64,6,1123,0,46000
6550,100,13.6,0.642,56,90,81.72,15,3087,0,76700
2682,,13.9,0.705,39,59,89.6,,649,0,48700
6806,33,16.7,0.642,44,72,87.62,9,1429,0,52600
13000,67,14.7,0.808,69,78,89.5,32,526,1,51800
11800,43,12.4,0.824,,51,79.6,22,412,1,41300
8650,55,14.1,0.93,58,49,77.24,,261,1,39400
12700,,14.8,0.817,53,90,97.69,15,308,1,52700
4045,16,13.5,1,34,50,,8,480,1,34700
13050,66,12.1,0.791,83,64,63.39,27,449,1,54300
5226,,10,0.771,,67,46.23,8,928,0,67700
8550,35,17.4,0.75,27,35,85.8,16,316,1,35700
6550,53,15.3,0.43,53,85,75.91,8,656,0,59800
6370,49,13.4,0.81,57,83,93.24,,2881,0,52900
10100,46,12,0.759,66,88,87.74,20,259,1,42600
9476,39,20.1,0.799,74,67,83.5,26,237,1,46900
18460,55,13.2,0.79,71,92,97.8,41,417,1,60100
8990,,19.9,0.746,56,88,64.52,,1470,0,69000
15000,66,15.1,0.699,94,86,74.21,30,781,1,72100
10800,29,19.3,0.765,46,93,71.37,7,1727,0,69600
10178,43,16.1,0.849,54,71,89.7,19,428,1,54900
7560,88,17.4,0.78,81,87,96.54,13,5705,0,65900
10265,53,13.2,0.803,82,68,94.12,24,292,1,47900
3750,35,18.4,0.833,49,39,45.61,,65,1,35600
6050,37,11.9,0.863,,38,56.34,15,169,1,32400
16548,75,11.3,0.823,73,82,94.33,31,472,1,54800
7410,62,17.4,0.465,58,90,67.99,16,499,0,87100
5775,,16.2,0.915,73,97,85.09,12,611,1,45100
9400,47,17.2,0.909,57,49,31.19,25,231,1,39300
17865,92,5.8,0.602,83,93,98.39,26,1499,1,75600
2093,,17,0.851,25,59,61.19,8,1888,0,49800
4800,55,12.8,0.986,,49,90.62,,126,1,39100
6806,63,18.3,0.638,70,83,90.57,14,1910,0,51800
11200,39,14.2,0.782,70,61,90.73,24,527,1,44500
8400,78,17.5,0.664,62,92,75.07,21,3176,0,61000
12315,69,12.5,0.788,73,85,96.04,24,489,1,60500
15476,44,11.3,0.927,48,69,96.87,35,252,1,41800
11478,,14.4,0.898,70,80,80.79,23,230,1,44900
11510,34,10.3,0.684,77,71,66.39,30,117,1,45500
11712,53,13.8,0.878,89,80,80.7,13,828,1,50800
9096,80,11.5,0.734,72,93,91.59,20,4631,0,72100
9800,41,11.1,0.777,100,46,48.6,35,238,1,42300
14550,77,12.3,0.774,56,80,75.33,26,478,1,63600
6540,33,11.1,0.64,31,84,61.36,24,1823,0,58400
6660,,20.4,0.857,70,66,90.46,6,2539,0,64800
4620,35,19.7,0.876,50,69,83.53,4,1436,0,52600
6550,66,10.5,0.557,57,91,87.82,7,1724,0,75100
16179,84,12.4,0.9,74,75,,36,338,1,57100
14350,73,10,0.744,83,82,96.49,31,745,1,54300
17163,77,10.1,0.762,77,76,93.85,57,324,1,56100
11172,31,11.6,0.824,60,68,84.96,16,253,1,48100
16260,64,12.1,0.843,86,91,87.91,40,334,1,60200
1044,65,24.6,0.726,58,46,96.18,,1900,0,39100
7700,58,14.6,0.944,54,39,83.69,,388,1,39500
9900,33,13.6,0.874,21,32,80.53,43,95,1,37300
10456,45,17.7,0.882,78,91,92.8,32,375,1,56200
9500,43,2.5,0.784,57,26,55.79,10,204,1,42300
4200,45,20.2,0.616,58,53,86.93,18,1301,0,54700
8412,65,19.2,0.666,59,87,89.53,10,2194,0,61700
19840,99,5.8,0.229,99,96,98.43,49,1317,1,86300
5586,,19.6,0.971,34,73,82.47,2,590,0,44600
4536,79,20.8,0.716,,91,41.91,,410,0,69200
9840,52,14.8,0.834,58,59,94.89,20,385,1,44800
11230,20,6.8,0.659,47,8,61.91,4,203,1,44200
9150,52,12.2,0.807,76,56,58.24,27,127,1,48700
19000,95,6.9,0.373,93,91,,22,3286,1,83400
6140,,16.7,0.993,33,76,50.63,22,911,0,54000
3946,30,14.9,0.481,26,63,73.25,10,691,0,69200
11660,88,14,0.73,72,74,86.92,34,287,1,52300
8856,39,17.6,0.843,85,81,94.4,20,3290,0,61900
19510,75,10.5,0.513,93,95,99.07,45,727,1,67700
7550,25,17.8,0.814,62,55,85.07,13,347,1,43500
7411,79,18.6,0.52,57,90,66.54,12,232,0,82000
8566,39,16.7,0.86,68,88,89.35,15,3816,0,76200
5424,57,17.3,0.787,50,80,89.6,29,2682,0,58000
4017,39,19.9,0.951,36,55,55.14,,1238,1,43400
12480,34,14.2,0.695,54,70,69.09,15,478,1,66900
13425,54,13,0.804,72,85,85.93,26,437,1,52200
19528,95,7.6,0.257,97,99,94.18,39,1462,1,79700
15990,62,14.5,0.798,83,73,97.43,31,669,1,55000
7246,54,13.4,0.705,48,71,51.29,15,479,0,57900
15934,77,13.6,0.778,69,,83.89,9,1048,1,67300
7731,37,21.5,0.725,40,75,84.96,8,1697,0,45800
9990,42,10.4,0.704,61,38,68.37,,238,1,41100
19130,86,12.1,0.413,92,90,99.01,39,712,1,76100
9300,,20.5,0.817,57,49,52.09,4,323,1,44300
9570,30,15.9,0.884,52,58,92.25,,200,1,39700
25750,89,10.5,0.339,97,87,98.1,51,451,1,65100
12730,60,9.9,0.827,98,74,98.15,31,393,1,50500
3437,40,20.2,0.999,54,68,76.55,,2054,0,40700
19240,75,11.1,0.695,88,95,99.93,46,408,1,60800
16684,45,10,0.46,96,27,,22,379,1,59800
12960,89,7.7,0.837,59,92,89.01,37,137,1,52800
19029,53,12.1,0.774,79,99,99.72,37,500,1,61400
8300,,14.4,0.831,38,53,65.7,16,268,1,51000
10060,67,11.2,0.825,59,74,94.46,19,315,1,46300
8100,33,11.2,0.667,,66,44.1,1,155,1,38500
9950,23,11,0.735,,42,39.21,,69,1,41500
12669,82,16.8,0.859,66,83,73.19,20,411,1,48500
8723,53,18.1,0.722,63,89,82.89,12,3409,0,66900
6684,37,19.6,0.858,62,73,94.48,9,1742,0,50500
10500,49,14.1,0.836,72,66,76.1,27,213,1,38100
2670,17,25,1,80,62,78.88,27,547,0,47600
10740,45,11,0.739,74,67,63.31,27,167,1,40700
9870,28,12.2,0.798,81,59,33.03,19,141,1,42900
16320,66,11.2,0.812,65,87,89.91,14,582,1,57000
10310,46,14.3,0.759,60,57,93.57,16,194,1,42200
4961,,19.1,0.734,45,66,77.91,10,2082,0,52400
10000,49,11.4,0.707,63,65,98.52,20,112,1,35200
6760,63,17,0.616,47,84,57.4,7,1876,0,59100
1672,44,27.9,0.835,60,63,89.23,,569,0,44400
9438,,12.8,0.713,76,55,94.28,,519,1,46700
7434,49,18.9,0.805,48,88,74.87,5,3761,0,59300
8594,57,18.4,0.608,55,82,71.42,6,985,0,57700
10658,57,14,0.833,71,93,86.61,9,6180,0,73200
10250,,9.1,0.904,56,,50.43,19,127,1,44700
5391,94,14.4,0.459,81,81,85.14,6,944,0,69000
5840,38,19.1,0.919,43,76,88.09,8,819,0,48000
10990,58,10.4,0.953,69,66,81.67,30,306,1,48700
4362,,20.5,0.973,59,62,84.46,7,856,0,45900
9534,55,17.7,0.904,64,70,51.33,2,551,0,55500
7730,,19.2,0.754,39,60,67.62,,397,1,39500
18740,93,10.7,0.509,91,86,87.54,40,438,1,65400
7380,73,19.8,0.489,59,72,90.19,13,1650,0,72100
7100,40,11.2,0.764,,39,53.54,8,369,1,30300
5658,,16.4,0.681,59,50,43.27,,256,0,38600
11925,48,12.3,0.711,69,48,90.45,12,385,1,40300
8950,55,11.3,0.877,66,86,94.63,25,210,1,51200
17230,71,11.4,0.695,68,90,90.27,10,2477,1,82500
4400,,16.1,0.882,73,72,58.81,,171,1,38500
15732,92,11.5,0.676,87,90,94.27,26,4893,0,76000
3735,29,21.7,0.929,54,62,91.02,23,1257,0,46100
13125,43,15.9,0.883,62,74,70.78,22,434,1,47500
12680,83,15.3,0.623,75,91,96.89,42,273,1,56000
9900,56,14.9,0.943,68,68,95.24,34,366,1,43400
7090,85,13.4,0.71,66,88,88.16,20,3623,0,65300
6953,,14.9,,44,71,87.16,6,2158,0,50000
15960,68,15.8,0.898,77,95,97.78,32,557,1,70700
5832,,19.6,0.776,48,68,87.37,10,1123,0,52700
4652,50,18.7,0.717,45,78,86.97,23,1046,0,52000
10602,61,19.7,0.78,54,79,87.91,13,2546,0,59400
4950,36,15.7,0.9,38,62,87.43,7,265,1,40900
8294,28,15.3,0.503,37,87,11.43,2,132,1,36400
5542,19,14.2,0.643,57,65,91.03,17,240,0,54600
12065,58,12.5,0.869,80,62,95.14,41,377,1,50800
5504,75,17.7,0.621,73,71,93.62,37,806,1,46000
18624,96,5.9,0.286,99,97,98.4,21,871,1,91500
4700,,19.8,0.943,39,82,76.99,,2445,0,55500
7600,21,19,0.869,39,59,65.35,40,254,1,46600
5962,24,16.7,0.609,49,69,62.23,4,902,0,68000
13290,45,11.5,0.963,63,90,64.4,26,103,1,39300
8438,24,11.1,0.848,15,42,94.05,4,103,1,39300
4788,23,18.5,0.765,52,42,91.05,5,453,1,36000
14500,,14.4,0.768,30,,80.96,,41,1,68400
7844,20,19,0.696,54,54,88.55,13,1349,0,67900
9400,26,12.8,0.797,94,64,80.13,26,183,1,38600
13332,80,16.1,0.61,78,88,91.34,17,465,1,61800
10608,17,38.4,0.851,76,34,34.37,,292,1,59700
3738,50,19.6,0.856,53,55,81.98,9,447,0,44000
8820,,18.1,0.8,24,90,63.34,,428,0,70500
13470,58,11.1,0.827,72,78,91.48,48,215,1,48400
6200,28,11.7,0.765,35,63,82.42,13,104,1,32300
3552,,42.6,0.961,,54,92.71,,662,0,42800
7800,60,8.2,0.839,53,50,51.41,45,66,1,33500
10000,33,13.3,0.902,40,35,85.48,,140,1,36300
8840,63,13.1,0.876,84,74,66.44,31,308,1,48200
16900,93,19,0.706,79,89,99.14,33,380,1,68500
7242,65,18.1,0.722,51,67,87.87,0,1007,0,50100
19030,100,11.2,0.304,96,93,99.47,52,418,1,68200
7656,13,14.4,0.803,36,80,78.01,15,279,0,46900
7168,30,18.1,0.814,46,67,72.72,9,250,0,44000
9600,40,14.3,0.689,41,56,79.74,,81,1,43600
11428,50,8.3,0.778,67,67,22.74,43,46,1,35000
10995,61,17.6,0.808,85,68,65.06,20,662,1,58700
6700,,15.6,0.657,48,90,48.48,2,826,0,60100
2610,,20.1,0.868,33,66,77.77,6,887,0,49300
4025,29,16.9,0.98,54,76,87.65,,1580,0,54000
3900,30,19,0.991,40,54,71.43,,848,0,47400
14800,80,13.3,0.8,68,91,90.94,37,395,1,62100
10600,11,15.6,0.855,79,79,42.44,6,336,1,59600
8803,,20.5,0.329,47,,69.44,,1126,0,69900
13925,60,12.7,0.738,67,73,84.61,32,275,1,57000
16130,59,13.9,0.721,90,83,89.68,37,465,1,52100
4486,30,16.5,0.949,46,50,85.31,28,319,0,39700
8300,29,15.2,0.839,58,62,96.94,18,88,1,32900
24940,80,10.9,0.648,86,93,97.76,34,508,1,69400
5544,37,15.6,0.484,18,47,62.77,,777,0,39900
4860,28,21.9,0.916,41,60,87.03,,923,0,46200
3880,25,22,0.851,51,59,79.3,20,1432,0,61900
11180,62,17.5,0.784,75,89,88.56,16,2529,0,60700
6240,36,12.5,0.668,43,74,,22,226,1,37500
5519,,12.9,0.75,16,85,43.36,,139,1,36200
12275,69,12.5,0.866,72,72,92.33,40,624,1,58500
11380,51,14.8,0.832,93,81,89.85,25,1507,1,61800
7452,,15.9,0.64,55,48,89.7,,606,0,67000
18700,68,11.2,0.842,87,87,96.82,39,487,1,59300
17688,73,10.4,0.556,73,100,96.15,11,220,1,69500
6550,48,16.3,0.574,66,82,93.26,10,814,0,58500
7248,62,16.8,0.765,62,79,75.63,7,1730,0,53600
7500,13,14.3,0.987,,31,69.48,,108,1,33600
10850,68,13.6,0.843,61,77,73.01,24,266,1,53200
10786,59,7.8,0.743,66,93,75.39,10,2503,0,68800
18345,96,10.6,0.431,91,94,93.36,51,579,1,77900
13868,68,13.7,0.906,73,89,98.03,37,489,1,58900
11850,82,11.4,0.877,74,95,99.26,60,288,1,53200
8450,,7.5,0.631,,11,86.52,,33,1,37100
6806,16,15.1,0.731,24,75,81.01,10,452,0,49900
17080,77,9.9,0.716,76,73,97.49,41,484,1,53200
12024,100,16.1,0.686,66,96,93.62,11,2478,0,70500
8842,41,14.2,0.889,52,57,44.25,14,185,1,41900
10671,,11.5,0.719,,48,90.97,32,308,1,37900
4449,29,17.8,0.458,47,74,58.62,8,362,0,70600
10910,45,15.6,0.723,87,66,48.03,37,381,1,52000
6720,58,13.9,0.901,82,77,78.55,33,376,1,43100
10575,52,13,0.785,98,46,93.96,9,120,1,36900
10300,50,10.2,0.867,75,44,30.75,37,88,1,29000
11412,49,8.3,0.765,96,89,32.59,37,100,1,41500
9810,56,17.5,0.723,80,52,76.49,18,160,1,48900
3400,,14.3,0.682,40,53,92.85,,984,0,42300
7800,45,14.1,0.793,64,60,89.04,9,177,1,33500
6004,44,4.9,0.638,,67,,23,36,1,37600
10425,67,14.7,0.833,76,61,80.33,34,242,1,44200
8580,40,12.2,0.87,77,75,36.94,13,218,1,53100
5866,23,18.5,0.98,40,70,74.09,,596,0,43000
6597,89,13.9,0.629,66,81,52.3,20,1071,0,56200
8800,41,11.2,0.569,74,44,49.93,15,169,1,46500
9490,50,10.7,0.918,79,60,59.91,21,345,1,44800
10900,49,15.7,0.612,68,70,73.04,14,287,1,53800
13353,69,12.7,0.882,71,78,98.09,40,497,1,51700
6995,55,18.5,0.693,54,76,86.91,22,2833,0,55400
5130,52,17.9,0.543,56,73,80.71,18,736,0,51300
16670,77,10.5,0.536,72,80,96.37,51,359,1,60200
4878,,13.7,0.707,26,60,,,764,0,51500
6550,93,19.1,0.531,76,79,97.2,25,1143,0,52500
4080,22,17.3,1,65,25,70.45,,553,0,37100
13584,73,13.9,0.691,100,88,96.82,19,888,1,72900
10518,28,16.5,0.825,71,59,69.89,36,224,1,50300
4856,72,15.7,0.758,76,69,95.5,13,1620,0,47300
6550,,19.3,0.904,45,63,69.21,18,401,1,57300
3950,45,15.9,0.994,33,50,90.67,,1711,0,43400
7700,34,21.9,0.594,52,70,96.09,28,145,1,37300
12925,76,9.9,0.779,72,78,99.38,55,256,1,63700
5166,,17.6,0.624,60,76,72.07,24,1215,0,57300
6900,50,22.2,0.805,46,81,73.93,1,759,0,54300
15948,68,12.8,0.879,78,82,93.22,29,575,1,56700
14100,66,10.3,0.783,64,,94.78,24,132,1,61200
13712,49,9.3,0.835,75,90,91.1,18,505,1,57000
12680,,12.3,0.765,65,64,65.65,7,256,1,52700
9000,33,12.4,0.82,42,77,30.11,7,410,1,77600
5904,60,18.5,0.654,50,73,73.51,7,1566,0,70700
17720,98,8.9,0.372,91,94,,47,390,1,70800
7200,66,11.8,0.728,52,56,77.42,12,75,1,38000
18200,96,11.6,0.533,66,95,79.92,13,680,1,82900
7860,85,18.2,0.747,10,65,64.29,21,2604,0,53500
12520,20,16.4,0.849,61,44,58.64,8,679,1,60500
11250,57,15.8,0.858,70,66,64.96,36,300,1,50400
11600,66,12.4,0.872,67,66,92.5,37,345,1,45100
13800,60,17.5,0.672,82,87,66.88,20,640,1,71200
19960,80,11.8,0.73,68,90,95.16,37,327,1,60700
7699,100,14.5,0.697,76,,89.1,11,3124,0,68900
3687,43,23.6,0.982,43,67,70.68,3,208,0,45400
10520,36,13,0.91,56,48,80.65,32,239,1,42500
7706,60,21.2,0.726,61,90,91.5,8,1483,0,69900
12660,70,16.9,0.826,80,80,88.81,20,372,1,42000
8414,,14.1,0.944,59,49,80.19,19,349,1,33400
9500,34,13.9,0.736,63,47,52.45,,101,1,32900
5130,41,27.2,0.733,43,76,79.86,,1577,0,52900
6550,94,18,0.426,80,83,92.72,15,1757,0,71600
11700,57,14.5,0.871,89,89,88.99,28,820,1,57600
13380,93,13.6,0.554,97,91,,42,381,1,71500
3150,50,17.6,1,,66,52.25,33,112,1,37800
9556,60,18.2,0.86,67,86,86.57,15,5874,0,72200
9250,51,13.1,0.723,61,52,43.41,13,169,1,44200
11902,30,12.8,0.775,58,65,74.07,31,257,1,45000
6300,40,13.7,0.908,38,75,80.34,10,350,1,40000
5226,,13.7,0.774,,48,37.08,6,1162,0,67000
8800,40,9.7,0.834,80,38,70.77,13,185,1,49400
8064,36,8.7,0.787,,61,50.27,38,42,1,34000
10450,48,14.1,0.8,70,56,77.52,16,276,1,45000
19124,97,8.8,0.392,95,93,,58,413,1,69900
3486,46,22.9,1,16,92,70.81,,1800,0,46700
2279,,14.3,0.786,35,67,65.91,6,474,0,50100
11388,,16.6,0.801,36,67,94.88,15,459,1,46400
5000,17,14,0.892,45,45,94.78,8,243,1,35700
9140,43,10.7,0.801,73,51,72.38,31,271,1,42300
16695,100,6.5,0.265,83,100,,36,210,1,107500
5908,,16.9,0.652,33,77,68.59,11,1691,0,54200
4860,47,17.4,0.909,43,103,90,16,243,0,50300
11040,76,13.3,0.816,94,89,76.53,28,425,1,56400
8677,44,15.5,0.796,53,75,80.31,17,1500,0,52900
18920,87,9.7,0.529,90,90,96.56,39,653,1,67400
10116,72,18,0.726,63,80,52.85,9,882,0,58200
12140,56,15.1,0.932,88,74,95.35,36,568,1,54100
5401,79,19.3,1,50,72,87.06,4,853,0,47100
12600,56,15.1,0.626,84,90,62.23,9,622,1,59700
6720,,8.6,0.793,,56,93.9,2,310,1,32300
19700,82,9.6,0.568,91,91,98.56,60,454,1,60400
7940,,12.9,0.777,29,39,84.68,,53,1,32800
9160,44,20.6,0.695,48,68,52.87,14,226,1,49500
13960,64,14.4,0.808,72,82,64.02,34,176,1,50200
6600,40,15.2,0.826,35,67,65.94,11,235,0,44000
6900,15,15.9,1,80,24,91.11,,121,1,37700
4680,43,17.1,0.82,45,75,84.02,8,1408,0,50800
6651,40,11.8,0.594,,87,85.39,,1463,0,54000
15200,52,9.4,0.853,64,87,96.33,49,211,1,51500
6874,48,19.2,0.604,56,73,84.06,14,1515,0,56700
8400,40,12.4,0.976,68,63,64.75,14,148,1,34000
15200,82,10.8,0.795,77,90,95.8,47,391,1,53800
5390,59,15.1,0.898,50,63,70.77,18,484,1,39900
4000,75,19.6,0.507,49,44,85.25,36,282,1,31800
5130,85,19.7,0.649,65,91,85.26,11,5329,0,71300
15747,77,12.7,0.813,79,88,97.58,33,286,1,54400
4938,33,17,0.865,51,67,85.88,11,510,0,47000
7558,67,19.1,0.635,55,82,85.28,15,1449,0,51400
18930,94,5.3,0.472,90,99,98.85,36,922,1,91600
9057,62,12.7,0.705,58,87,90.33,15,2940,0,59200
10938,65,13.5,0.867,67,76,97.13,29,401,1,48300
9600,30,23.2,0.752,33,,70.01,6,236,1,48000
3216,,16.2,0.938,,47,74.58,,744,0,41900
14090,,12.9,0.853,72,,93.92,30,208,1,41000
19380,77,9.8,0.655,84,90,97.85,24,740,1,68600
4426,37,18.1,0.886,60,76,84.77,19,1189,0,54000
13780,44,12.5,0.931,65,68,79.93,,241,1,39700
11584,60,14.1,0.658,92,83,88.17,41,910,1,62100
7850,57,13.8,0.851,50,54,67.6,24,215,1,44900
19629,96,9,0.297,99,94,98.56,64,526,1,71900
15516,51,9.9,0.784,79,87,81.46,10,1735,0,59200
16640,94,16.6,0.471,90,95,,27,2154,1,76100
5130,,21.6,0.704,36,95,66.25,7,751,0,50500
15192,60,15.9,0.673,67,84,82.8,21,580,1,62000
8050,63,15.6,0.88,52,75,97.01,30,262,1,50200
6311,,21.7,0.848,30,75,84.82,16,1563,0,47400
3274,47,20.5,0.863,36,71,86.87,10,1792,0,48200
14510,50,12.5,0.817,60,84,91.62,39,278,1,53000
19900,98,8.4,0.154,99,91,96.88,54,1153,1,90100
6197,52,16.3,0.815,77,78,87.5,26,1853,0,56100
6398,53,13.3,0.669,75,68,90.66,19,284,1,42600
11150,36,13.3,0.877,67,78,74.94,24,434,1,50200
8725,66,13.4,0.683,24,82,67.06,,415,0,63700
11040,51,11.8,0.776,66,65,78.32,30,323,1,50800
10000,44,11.2,0.944,69,56,27.46,33,103,1,49200
11020,62,14,0.76,58,73,53.44,36,154,1,42200
11000,70,13.8,0.454,62,90,57.02,10,1522,1,72000
15688,91,9.5,0.681,83,88,97.8,54,432,1,63800
10900,53,11.4,0.809,78,68,33.74,23,122,1,42000
5706,27,15.1,0.722,21,78,54.16,,631,0,45500
11750,68,11.5,0.909,47,94,87.15,10,696,1,62500
4104,51,22.6,0.62,35,86,73.23,6,2049,0,55500
8352,46,11.1,0.634,55,36,51.61,26,157,1,36800
15276,60,11.2,0.779,65,79,94.7,37,214,1,56200
6550,34,19,0.489,49,79,80.86,14,904,0,63600
7844,51,15.3,0.544,52,76,79.72,16,1372,0,67100
3274,27,18.1,0.98,29,58,90.52,,251,0,42500
11240,56,11.2,0.848,71,71,78.17,37,197,1,45300
2280,,20.2,0.858,25,62,69.99,,,0,46400
10217,45,8.7,0.705,45,81,66.95,11,1567,0,60900
13250,31,12.3,0.676,70,84,67.73,23,730,1,67700
8468,45,15,0.833,,68,78.59,10,132,1,33300
6550,29,18.7,0.661,42,71,78.48,12,1025,0,57300
9000,40,8.9,0.754,47,23,38.57,,107,1,36200
13312,68,11,0.868,83,78,89.52,23,504,1,52700
7352,41,16.1,0.62,63,47,91.25,14,651,0,63100
7352,58,20.6,0.512,63,77,90.95,20,1625,0,71100
12772,69,13.5,0.803,72,74,92.67,17,1166,1,68700
12040,58,13.2,0.845,72,92,92.14,17,419,1,53600
11800,46,11.3,0.849,86,71,55.51,21,125,1,41500
14424,52,11.5,0.761,75,58,97.13,25,1368,1,55700
15200,51,18,0.664,62,,92.3,,492,1,63200
4774,36,13.8,0.98,53,82,53.86,,560,0,56100
6390,31,14.6,0.781,55,67,87.63,9,1057,0,50600
4740,,19.9,0.883,52,58,86.62,8,1300,0,47200
18730,59,10.5,0.599,92,93,89.93,38,572,1,64700
9858,46,17.6,0.867,55,42,86.71,16,428,1,43200
8650,27,16.1,0.707,67,69,57.82,13,215,1,51500
10578,64,13.8,0.839,75,84,81.87,19,1003,1,60100
11000,56,7.8,0.624,96,36,39.25,22,104,1,34100
18350,93,3.9,0.687,90,91,79.29,31,1254,1,73000
9820,36,12.6,0.955,32,32,74.29,,233,1,41600
5962,49,13.5,0.893,45,82,83.5,18,1337,0,55000
13472,25,9.6,0.84,74,74,96.21,40,161,1,50500
10500,50,11.6,0.832,39,58,87.79,19,174,1,38100
6400,,20.6,0.732,59,66,90.93,25,917,0,56500
8233,,20.3,0.754,48,80,,,2576,0,68500
5542,21,17.1,0.68,51,73,78.1,,1064,0,61700
6108,60,20.6,0.753,57,64,75.87,9,1561,0,60400
4260,,20.1,1,,44,84.57,,681,0,43600
10860,58,12.9,0.62,96,56,69.45,23,317,1,45500
9888,47,12.1,0.748,75,64,75.66,39,295,1,43000
5764,53,16.5,0.719,53,86,82.95,22,3013,0,63000
9550,,11.4,0.897,44,45,94.82,,185,1,34000
10485,74,13.5,0.845,67,76,93.83,47,167,1,44400
4306,40,18.6,0.389,56,43,91.43,,580,0,38200
5472,40,16.5,0.864,43,76,70.39,8,994,0,53100
6550,40,17.9,0.646,65,80,91.33,16,853,0,57800
8578,60,13.9,0.844,82,79,96.2,51,226,1,43800
12212,95,9.5,0.34,95,90,99,22,2678,0,75700
6600,45,15.1,0.837,64,46,66.63,4,172,0,46200
7500,42,10.1,0.847,56,49,64.48,57,99,1,35700
4286,27,14.9,0.935,40,39,82.03,25,212,0,42500
8760,,8.5,0.856,48,48,80.11,36,168,1,35400
5542,20,14.7,0.732,57,,67.09,26,577,0,56000
19964,78,12.1,0.686,83,94,97.69,32,575,1,63700
11718,64,16.4,0.784,76,73,63.1,33,308,1,49700
9428,45,15.7,0.796,46,76,64.92,16,375,1,44800
9800,50,12.5,0.93,87,61,94.93,17,328,1,47200
5962,23,15.5,0.605,,69,60.23,,528,0,77800
5500,54,16.1,0.612,62,68,95.92,13,314,1,37400
9244,74,18.1,0.469,24,89,58.24,6,261,0,57600
6704,32,21,0.758,65,78,91.25,17,1030,0,53600
7844,55,18,0.447,75,66,86.07,19,1025,0,69600
9979,,16.4,0.632,65,80,89.26,4,565,0,68800
11750,20,14,0.805,76,77,92.84,24,198,1,43000
6550,70,22,0.57,63,69,88.88,21,1464,0,57400
5170,32,16,0.936,41,67,45.71,,1714,0,50300
4990,,18.1,0.956,35,62,62.03,,500,0,45800
2550,,19,0.951,55,59,83.05,,1417,0,50200
4650,,19.2,0.71,40,59,79.38,10,1331,0,50200
12850,36,12.8,0.877,80,77,94.02,36,328,1,44800
8800,87,13.1,0.876,63,82,99.38,26,274,1,56200
16732,65,12.1,0.776,75,93,97.37,32,458,1,62600
7680,43,17.7,0.554,52,70,55,21,119,1,46700
9200,,16.8,0.846,51,23,95.71,14,118,1,38800
2580,40,20.1,0.715,44,48,67.73,24,458,0,45200
13380,72,17.8,0.761,81,89,64.82,34,458,1,54600
13020,,13.5,0.897,54,28,80.02,2,111,1,47800
10880,45,19.3,0.788,69,64,73.06,24,284,1,46300
9414,30,10.6,0.728,56,34,89.18,30,137,1,43800
8116,65,18,0.652,73,82,93.85,17,2301,0,57100
5710,38,16.2,0.76,76,62,91.56,5,1565,0,42800
10900,81,12.1,0.96,70,81,94.44,41,244,1,52100
16975,61,12.8,0.729,83,76,82.47,39,462,1,60000
6840,36,15.4,1,49,33,86.89,20,225,1,37200
9270,34,13.5,0.813,55,75,91.96,27,291,1,41800
8170,42,12.3,0.861,48,32,89.03,,138,1,36300
7260,35,11.5,0.939,62,41,78.27,,275,1,32800
5542,20,15.7,0.694,65,75,77.46,20,825,0,57800
6140,24,13.8,1,24,52,42.15,29,616,0,44300
11010,41,10.4,0.833,78,58,47.22,26,91,1,39200
11645,39,19.3,0.867,65,,61.99,26,435,1,47300
3590,39,18.5,0.917,,64,85.37,3,520,0,45600
5673,,18.2,0.871,40,77,62.63,10,687,0,58000
19701,90,10.3,0.473,92,99,,22,1205,1,77700
13592,64,14.2,0.706,84,84,89.08,10,753,1,75400
10860,65,13.7,0.824,55,87,69.7,15,295,1,53100
4818,41,12.6,0.657,45,71,97.31,8,326,0,48600
13226,48,13.6,0.746,62,86,88.7,8,538,1,68000
12563,65,19.9,0.663,66,90,92.3,,3436,0,64900
9200,33,24.1,0.598,100,65,91.86,9,356,1,39200
9000,36,13.2,0.782,52,78,84.4,10,129,1,38400
14200,55,16.4,0.894,67,58,89.87,42,483,1,49500
11214,58,16.1,0.737,63,69,62,25,1227,1,64800
18800,94,3.3,0.407,90,96,69.44,38,911,1,73400
8200,65,10.6,0.832,64,84,98.56,26,317,1,52400
6744,24,19,0.617,34,87,46.06,10,1238,0,62400
7157,50,21.3,0.806,54,,91.18,7,1704,0,55600
10500,47,11.6,0.919,75,81,70.19,29,269,1,51100
2875,43,17.2,0.694,40,76,63.37,,1105,0,70000
7896,50,11.1,0.986,80,54,95.26,,252,1,39300
7244,50,17.7,0.845,51,69,87.98,25,3849,0,50100
12700,38,10.3,0.902,84,81,52.15,37,143,1,51300
11844,60,11.6,0.887,72,54,83.08,33,278,1,43600
6490,50,14.8,,37,76,49.88,14,1595,0,53700
9090,48,18.3,0.676,71,62,83.24,2,279,1,40500
12580,39,13.1,0.776,74,76,84.93,24,176,1,43100
11610,71,13.5,0.893,77,86,89.72,25,1685,1,66200
6530,73,13.3,0.849,65,63,95.55,10,450,1,43500
6950,38,23.1,0.845,67,90,83.41,16,1472,0,55900
8828,45,19,0.746,53,79,82.44,11,1656,0,60600
6992,48,9.6,0.965,46,17,27.04,8,32,1,36100
8050,68,16.3,0.657,63,80,97.06,17,480,1,50900
10850,26,12.8,0.807,56,58,69.5,19,174,1,38200
10800,34,11.7,0.809,82,45,47.48,13,82,1,41600
9925,40,22.4,0.887,48,59,59.09,11,172,1,40000
7344,55,15.3,0.834,64,50,96.4,34,616,1,43600
11431,41,17.4,0.871,66,43,71.23,,424,1,51500
13130,68,10.9,0.862,83,77,94.63,29,700,1,54400
3660,,11.3,1,66,33,67.44,,47,1,32200
4836,31,18.6,0.622,41,72,70.47,,721,0,51200
9690,36,9.7,0.736,71,57,63,35,111,1,47400
12000,36,14.4,0.779,64,81,74.13,15,1000,1,67500
7656,22,14.7,0.748,79,89,84.03,8,363,0,48000
7248,44,13.2,0.686,58,74,88.65,18,2435,0,50700
12500,36,7.9,0.737,51,76,62.81,,153,1,55300
7000,28,17,0.75,51,74,72.01,7,732,0,41900
13500,44,13.2,0.717,75,67,91.88,23,417,1,48300
11250,50,12.9,0.768,54,53,91.28,30,336,1,49300
14360,86,12.9,0.44,83,77,98.75,34,471,1,57200
6940,53,24.7,0.784,55,80,78.63,11,2738,0,63300
11200,52,6.8,0.884,90,66,69.17,50,199,1,44300
4470,25,16.3,0.912,60,33,90.4,10,478,0,41700
5173,63,11.5,0.837,44,86,83.88,11,2233,0,59300
12825,72,12.2,0.728,89,85,89.61,16,494,1,55100
16900,60,11.6,0.825,81,88,99.24,45,533,1,58400
5148,20,17.4,0.835,28,72,80.93,,406,0,43900
2883,67,23,0.871,48,50,81.44,,824,0,42600
4426,,19.2,0.981,49,55,72.4,22,383,1,42000
7550,59,19.2,0.881,65,81,91.59,22,3441,0,66600
8820,60,10.5,0.785,50,68,56.85,34,213,1,44800
8678,60,16.2,0.821,72,82,83.72,7,414,1,58500
9650,48,11.4,0.905,82,46,93.87,29,227,1,40200
15884,86,15.2,0.836,82,92,97.02,34,682,1,69300
6360,34,15,0.82,48,77,80.43,5,440,0,50500
11190,42,13.6,0.806,54,60,74.86,22,165,1,47300
3811,37,15,0.922,67,62,86.39,29,1701,0,44000
4128,,17.3,1,,42,69.75,,952,0,53700
8100,55,13.3,0.953,55,73,95.68,28,286,1,42000
11505,69,16.7,0.894,67,35,66.73,23,496,1,55100
7320,20,12.6,0.938,51,48,86.47,15,223,0,50000
3960,24,10.6,0.902,,37,42.84,,176,1,35300
4023,,17.3,0.771,36,52,63.47,20,297,0,51100
17840,75,5.9,0.627,80,93,92.05,23,1243,1,73300
3888,20,18.8,,28,68,78.84,,305,0,46200
14125,72,12.5,0.81,80,79,97.85,58,634,1,51800
18720,56,11.5,0.661,85,90,97.56,38,505,1,62700
7974,,17,0.855,47,69,92.15,4,767,0,53700
16880,70,10.7,0.652,77,91,97.98,19,271,1,66200
10800,68,14.1,0.652,100,71,81.25,42,628,1,57000
2763,,16.5,0.779,32,61,62.33,9,774,0,51500
15248,68,12.2,0.864,64,71,99.13,31,383,1,57400
2064,,41.7,0.606,,69,88.17,,400,1,41500
10220,57,18.3,0.728,75,82,75.76,15,3252,1,72100
18669,97,9.7,0.215,96,,,25,1616,1,100000
9620,29,10.8,0.754,59,49,90.88,33,177,1,31800
15150,67,11.3,0.693,67,73,98.86,13,2442,1,70100
5550,,18.2,0.752,36,66,63.33,8,1179,0,45800
6950,38,11.9,0.827,69,60,81.99,17,385,1,37200
8644,74,12.6,0.472,54,79,74.44,24,166,1,48800
13900,37,14,0.781,72,75,94.85,32,363,1,50700
4752,27,18.4,0.738,26,48,57.27,12,1043,0,44700
10110,61,13.4,0.901,69,,97.27,46,829,1,49600
12050,70,10.2,0.925,75,63,88.93,31,149,1,47300
11800,67,15.8,0.776,77,60,86.24,26,694,1,49600
10475,69,11.2,0.848,60,68,71.2,46,132,1,40700
12370,63,13.6,0.711,79,92,91.03,25,563,1,62100
17500,61,10.5,0.713,79,94,86.69,35,457,1,65100
5100,,13.6,0.854,91,50,31.33,5,196,1,38700
8090,39,15,0.751,,93,62.09,,318,0,55800
6060,55,17.7,0.692,49,62,83.56,13,298,1,34700
4740,37,19.9,0.859,56,70,79.56,11,3204,0,50200
4290,22,19.4,0.929,35,55,91.06,1,1061,0,48100
7441,,20.4,0.969,48,81,74.18,5,1527,0,60700
10500,,16,0.911,51,53,92.96,,296,1,39000
14220,26,10.7,0.795,66,61,72.7,9,1194,1,55800
10200,,37.5,0.793,,87,79.74,,143,1,57400
4104,35,21.9,0.772,34,70,75.96,10,1023,0,43500
4498,57,16.3,0.795,42,24,55.99,,518,0,38400
2340,82,20.5,0.733,33,76,95.62,40,4615,1,71100
6140,18,18.2,0.789,33,56,50.83,5,907,0,52200
11690,42,12.9,0.819,68,48,61.49,15,468,1,53800
2600,,11.9,0.843,,60,75.86,,356,0,49200
4190,,15.4,0.683,41,60,87.74,,1561,0,43600
5780,84,13.5,0.889,,44,77.08,13,406,1,41400
8180,36,15.2,0.838,29,65,81.08,12,332,1,37100
9020,34,11.1,0.756,68,84,,51,349,0,59000
18820,88,10.3,0.546,90,85,96.31,44,632,1,74700
6870,,14.2,0.791,81,56,75.03,,169,1,36300
3573,55,15.5,0.901,,80,75.22,9,866,0,50000
8740,41,11.6,0.929,48,62,91.93,29,200,1,35000
2340,45,17,1,33,40,89.2,,499,0,45300
12888,57,13.9,0.805,87,62,63.78,30,428,1,45700
14500,68,6.5,0.87,61,91,92.78,48,146,1,57200
17430,45,9.8,0.863,61,73,,20,126,1,58700
4572,,21.8,0.94,36,65,78.62,,1092,0,41200
5390,,21.8,0.649,35,87,75.46,9,719,0,53600
9358,,10.9,0.805,68,58,44.39,29,166,1,45400
12450,21,12.4,0.854,70,62,84.48,24,366,1,48600
15925,68,13.4,0.72,96,89,83.12,24,1477,1,69800
13850,56,12.3,0.765,85,84,65.78,30,320,1,53100
9216,56,12.1,0.763,75,56,88.96,13,186,1,43500
15700,44,13,0.776,59,80,98.61,24,210,1,43300
7161,63,14,0.523,70,60,86.2,9,1433,1,41500
4460,69,11.8,0.727,54,85,82.06,6,1627,0,71900
20100,99,10.1,0.334,94,99,99.38,35,1078,1,95100
5150,61,10.5,0.523,59,64,85.23,11,212,1,44000
8730,71,9.3,0.889,58,92,97.89,17,51,1,39600
5120,,12.1,0.55,44,60,61.07,,428,0,43600
6550,,15.1,,,58,26.92,13,1725,0,55400
13500,62,9.4,0.816,55,67,94.3,11,158,1,42800
11010,24,16.7,0.513,60,77,52.99,8,504,1,59700
5972,74,13,0.557,37,77,65.35,11,394,0,51000
5587,30,16,0.814,31,61,89.89,11,704,0,48900
14200,20,9.6,0.852,71,64,83.36,21,362,1,48100
6797,26,21,0.69,40,60,60.36,14,543,0,59300
7384,59,13.7,0.872,30,51,95.09,8,453,1,32400
5800,,16.8,0.64,39,76,75.3,,991,0,53800
9813,40,16.7,0.69,78,45,80.65,29,397,1,42900
11520,47,13.3,0.921,83,73,72.02,31,695,1,55700
4104,38,23.1,0.834,,88,66.47,,2252,0,53500
18300,93,7.2,0.259,95,91,93.54,27,1390,1,78500
9408,38,12.1,0.88,53,78,62.47,22,530,1,51400
7410,79,19.5,0.547,77,90,85.22,19,4520,0,83800
7820,34,13.9,0.821,91,69,88.49,8,383,1,39400
4486,12,15.7,1,51,68,91.9,11,153,0,42900
11100,80,11.7,0.898,53,77,78.26,14,719,1,58700
10230,37,13.3,0.849,67,59,69.19,16,225,1,40100
10700,,9.2,0.758,59,60,77.85,20,218,1,46900
2880,47,19,1,68,58,74.69,12,771,0,47700
16150,51,7.2,0.861,64,63,98.99,26,122,1,57200
6489,99,19.3,0.578,70,92,92.88,33,2276,0,71100
7162,44,10.9,0.734,41,85,48.33,,1543,0,66900
7470,48,15.3,0.594,88,74,73.17,23,238,1,48200
18710,62,12.7,0.635,81,87,89.83,29,591,1,64600
15595,63,11.3,0.808,80,79,76.08,23,227,1,56200
7830,84,16.1,0.36,40,79,77.1,1,557,0,69900
7100,34,19.4,0.884,36,63,84.63,0,605,0,46800
8907,57,10.8,0.81,54,89,84.59,6,2408,0,68800
6550,61,17.4,0.68,74,93,89.2,16,1843,0,73900
6919,37,15,0.776,56,74,74.1,20,1006,0,66500
8374,30,10.8,0.868,72,42,63.32,12,168,1,36100
11690,,13.9,0.71,,,82.89,,325,1,49700
16500,69,5.9,0.756,59,82,89.86,17,1643,1,65900
15909,86,11.9,0.509,77,85,93.85,37,452,1,64500
9501,64,11.6,0.705,44,98,63.26,8,655,0,57700
10628,60,6.5,0.956,85,85,84.27,32,876,1,52900
3135,38,23.5,0.485,38,77,72.1,13,1108,0,70700
10194,36,11.4,0.828,83,57,94.35,32,154,1,33900
14850,55,12.7,0.855,80,97,96.15,37,298,1,54500
10950,53,12.9,0.74,81,79,69.88,30,141,1,46800
16240,65,11.1,0.897,69,84,99.94,43,553,1,57500
7900,,19,0.857,38,,81.09,,349,1,41200
11910,62,11.4,0.873,75,60,94.95,25,456,1,47200
8840,30,16.2,0.822,63,57,95.45,26,324,1,45100
8990,35,14.8,0.915,48,73,69.38,7,211,1,39100
10720,43,12.5,0.835,62,66,94.73,20,184,1,46500
5428,,17.8,0.743,54,78,90.23,12,911,0,53000
17450,71,7.6,0.643,72,92,78.82,15,1492,1,73300
9950,46,11.8,0.956,47,76,91.9,25,125,1,44400
6122,,13,0.695,,52,94.56,,287,0,72500
14080,36,10.2,0.745,46,57,91.52,21,151,1,43500
11550,,10.2,0.768,38,15,87.97,2,712,1,46600
7860,37,21.2,0.867,48,80,62.46,16,428,0,51500
10645,93,18.1,0.536,63,77,93.46,19,3450,0,65200
10800,35,18.8,0.916,78,68,91.46,19,367,1,47300
13850,88,4.3,0.423,89,95,95.31,37,903,1,67400
4457,,21.4,0.957,52,70,74.82,7,829,0,47900
8820,,17.4,0.786,46,72,66.46,6,1420,0,66900
13252,73,13,0.82,65,89,93.03,33,328,1,58300
13440,82,13.5,0.903,82,92,93.13,28,685,1,58300
7994,72,17.9,0.471,98,77,92.86,29,2082,0,55300
10260,44,13.1,0.895,58,39,63.18,26,155,1,39800
14340,58,11.7,0.782,74,58,50.87,39,198,1,46800
11690,67,4.6,0.867,67,84,80.06,19,956,1,60000
8640,25,12.2,0.777,48,62,80.15,13,159,1,40100
14990,58,15.2,0.775,74,86,71.9,28,303,1,53700
3648,53,21.5,0.408,58,82,66.8,9,865,0,67200
4800,28,15,0.747,38,65,72.85,,104,0,45600
7844,60,16.8,0.512,71,72,77.06,20,960,0,71600
10468,44,11.5,0.856,52,40,91.11,15,172,1,38600
11859,63,13.4,0.769,85,80,97.42,42,302,1,50100
11400,46,9.5,0.846,24,41,42.95,20,90,1,32600
17238,83,8.2,0.739,73,95,98.78,41,139,1,65800
8950,32,10.7,0.923,78,51,65.66,26,121,1,37100
4869,,22,0.537,17,57,66.68,5,407,0,51500
17475,82,15.4,0.834,70,94,99.63,21,936,1,79900
5962,50,16.9,0.687,50,71,64.37,14,564,0,71400
11218,100,18.9,0.849,69,96,95.76,6,3239,0,71100
6312,24,16.3,0.548,58,53,85.85,,1028,0,70800
6994,50,13.7,0.648,57,88,91.44,17,3681,0,60300
8949,55,12.2,0.579,45,88,43.04,37,3524,0,71900
15360,65,12.8,0.78,59,82,98.34,26,366,1,56300
6432,,19.6,0.777,40,76,73.54,,1663,0,53300
8236,76,14.7,0.83,61,74,88.04,17,691,1,57800
7434,57,19.6,0.869,49,91,81.57,,4529,0,64500
11200,52,11.1,0.607,51,80,82.98,43,176,1,40600
10260,53,13.8,0.746,73,85,96.84,20,4277,0,64100
5800,36,14,0.82,42,73,71.75,9,1303,0,50400
9600,43,13.3,0.826,51,55,93.06,43,174,1,39900
5706,24,17.2,0.774,55,77,86.15,,1563,0,49300
7600,51,15.8,0.794,,60,67.96,,121,1,36600
12950,40,14.5,0.741,97,70,95.22,29,514,1,48300
12000,59,13.8,0.796,88,93,71.26,30,491,1,49200
7850,41,10,0.712,53,55,91.24,15,109,1,32600
3222,21,19.4,0.93,35,47,62.33,,229,0,42000
6616,,14.1,0.633,35,45,90.82,2,481,0,40600
8490,64,14.8,0.752,64,81,88.47,23,1195,1,63200
13850,60,13.2,0.596,96,80,83.83,30,342,1,47000
10330,40,16.6,0.804,63,84,78.36,7,1968,0,70300
11480,,7.8,0.609,44,75,46.27,41,43,1,41300
7920,47,18.4,0.681,62,74,96.06,23,724,0,49700
6500,55,14.3,0.672,51,76,93.97,53,156,1,37000
8199,81,9,0.551,65,96,81.63,10,3343,0,68700
5154,,17.9,0.889,19,75,69.13,11,1501,0,48300
5352,,14.7,0.749,19,61,58.64,4,1194,0,50400
4869,33,18.1,1,44,65,83.76,,806,0,47400
5988,46,15.1,0.747,45,91,83.51,13,1073,0,54900
9890,25,14.4,0.823,84,52,66.06,15,350,1,45600
3040,65,19.5,0.393,64,78,85.09,7,710,0,60300
12816,45,9.6,0.873,90,,96.28,23,129,1,49000
3450,,21.1,0.983,34,69,82.05,12,1525,0,44600
10850,35,12.3,0.85,88,62,85.05,31,278,1,48100
9464,39,15.1,0.681,45,79,76.94,17,1251,0,55700
5962,14,15.8,0.688,45,62,70.39,8,1044,0,67800
8540,42,8.8,0.911,56,61,84.17,32,122,1,35800
12240,93,9.6,0.75,93,94,95.69,20,601,1,68600
8840,54,20.8,0.874,56,58,95.21,23,204,1,44900
13970,66,9.2,0.885,68,88,92.1,24,169,1,51200
9456,40,12.8,0.873,65,53,90.89,24,276,1,41500
4960,57,12.7,0.695,38,83,44.55,12,445,0,54800
7000,,17.6,0.838,,89,77.25,11,768,0,51700
4536,32,18,0.88,50,71,72.46,1,1907,0,59700
7854,30,20.8,0.33,46,81,82.86,,7425,0,63600
7650,,16.7,0.823,43,71,57.33,18,3211,0,60300
18485,100,9.9,0.156,100,97,95.54,52,1606,1,98900
12224,51,11.5,0.804,77,63,75.07,32,186,1,42700
5918,24,19.4,0.601,52,76,94.07,4,604,0,49000
8676,,14.7,0.91,41,20,68.68,,271,0,57200
10300,64,14.1,0.793,89,68,97.71,30,607,1,50500
11648,100,15.8,0.415,78,93,90.46,10,3215,0,79900
11180,61,11.5,0.779,75,64,25.17,32,177,1,41900
9600,47,10.5,0.8,68,39,49.36,15,86,1,36300
14500,72,11.7,0.461,100,75,82.77,32,756,1,70000
7560,44,11.9,0.756,15,76,22.27,2,55,1,48700
19292,93,10.4,0.586,91,81,99.36,60,489,1,65900
4104,,20.6,1,8,75,41.66,1,1108,0,46300
15700,93,2.9,0.814,67,95,85.61,29,713,1,74400
12030,45,12,0.58,86,63,78.94,33,806,1,70100
9400,41,8.4,0.813,59,37,63.98,21,337,1,41400
8490,27,10.4,0.789,25,69,45.19,39,2301,0,59900
13240,72,13.8,0.899,77,73,96.39,38,587,1,53100
18930,84,10.2,0.463,91,83,98.01,41,456,1,62900
9900,50,13.3,0.743,58,76,90.37,19,209,1,39900
8920,41,16.2,0.581,,65,82.92,16,143,1,41800
3225,,,,,,86.03,,920,0,48500
7844,53,18.8,0.564,72,80,94.61,13,1116,0,73500
7250,19,14.5,0.639,46,47,93.73,19,236,1,33800
4285,33,16.5,0.896,51,58,79.29,31,511,0,60200
8994,21,15.4,0.892,59,74,61.77,15,409,1,68200
4916,47,20.3,0.88,53,81,90.35,14,1669,0,53700
10258,,21.6,0.4,61,75,83.95,,707,1,69000
13240,46,13.4,0.831,73,73,94.09,27,375,1,45300
9370,40,9.5,0.653,53,50,74.33,,101,1,38700
4973,25,22,0.897,38,56,59.03,21,1292,0,49100
6272,,13.5,0.752,46,67,73.45,4,385,1,50000
16530,63,8.9,0.814,73,81,46.31,25,306,1,61000
6450,66,18.5,0.88,72,71,95.35,38,2367,1,60700
6550,33,14.9,0.597,46,80,63.23,8,390,0,57000
9540,64,13.5,0.786,,82,84.57,37,382,1,48100
16600,68,16.8,0.568,94,93,,18,407,1,79000
11280,74,13,0.842,71,81,98.68,33,295,1,51800
8000,49,11.3,0.851,62,57,84.55,32,175,1,40500
6900,61,14.4,0.913,49,67,94.39,20,695,1,41300
4040,,29.5,1,33,67,74.47,11,1330,0,40300
14190,70,12.8,0.763,81,65,83.15,25,426,1,57100
5376,73,13.7,0.764,34,99,71.22,11,233,0,54400
7210,70,13.2,0.824,58,62,90.95,18,165,1,37900
9315,52,13.1,0.853,56,,83.79,17,5330,0,67600
6360,,20.6,0.81,49,74,67.18,9,2242,0,60500
5170,35,16.1,0.647,60,61,72.1,10,224,1,37900
9600,82,21.9,0.634,28,54,94.34,,317,1,37700
9420,51,9.9,0.9,72,51,84.57,46,221,1,41800
11390,30,10.6,0.82,55,77,61.64,17,214,1,52800
6572,,9.4,0.668,58,,94.28,8,182,1,45000
18833,97,10.6,0.436,95,94,,51,292,1,71600
19300,79,9,0.73,84,79,97.93,51,526,1,67800
6810,48,15.9,0.665,59,67,84.71,26,438,0,49600
6639,,14.5,0.638,,52,90.7,12,385,1,36200
12247,45,12,0.857,70,76,95.92,38,444,1,53200
8400,92,8.9,0.41,83,88,93,23,3331,0,67800
8400,45,10.6,0.71,89,50,69.13,40,97,1,36300
14900,77,11.6,0.733,79,82,98.52,40,308,1,56300
6172,57,23.4,0.805,53,83,60.25,12,472,0,50700
11070,51,14.8,0.822,82,71,47.47,16,509,1,55300
7799,35,21,0.771,54,77,89.6,16,2408,0,54100
6911,,18.2,0.675,57,38,82.55,9,3395,0,62800
7870,19,16.1,0.784,61,73,81.77,13,822,0,54200
17142,87,11.3,0.492,84,85,99.63,51,490,1,66500
16404,98,6.8,0.423,92,96,99.4,25,1902,1,86800
10970,57,13.3,0.774,65,47,79.58,18,678,1,46900
5424,30,23.2,0.925,58,52,89.96,,813,0,47700
6000,48,13.4,0.99,61,48,88.85,14,169,1,36700
7032,53,15.2,1,36,75,77.47,15,342,0,56100
4860,32,21.4,0.76,50,85,88.43,3,2272,0,48100
19670,89,10.1,0.579,83,77,95.57,47,678,1,67300
6297,50,18.1,0.611,68,75,89.41,14,438,0,54100
14210,71,10.9,0.9,42,76,96.75,22,288,1,46100
7890,,13.9,0.844,45,88,91.75,,1637,0,61500
7420,37,13.7,0.834,67,55,69.21,7,229,1,36500
8620,47,11,0.802,65,58,67.28,21,206,1,39700
15588,64,9.2,0.706,77,78,91.4,34,248,1,51800
8000,55,14.1,0.704,51,51,89.86,28,274,1,38800
14990,50,21.5,0.717,64,77,68.84,21,345,1,47200
4259,34,18.9,0.833,58,70,83.9,10,1921,0,57000
18700,84,12.5,0.673,91,96,97.02,43,1092,1,80500
7950,32,9.8,0.698,48,54,80.77,45,93,1,34200
11850,77,11.3,0.733,67,83,96.48,35,352,1,59000
16560,81,10.5,0.568,79,91,97.97,30,370,1,62100
14300,80,11.1,0.83,82,78,98.22,31,495,1,58700
15800,64,12.3,0.754,69,97,96.76,21,482,1,59800
4266,,18.9,0.798,38,65,61.39,10,870,0,48900
14235,55,14.4,0.684,80,86,74.22,14,942,1,74800
6746,48,21.7,0.837,41,78,80.75,7,1973,0,50700
10100,66,16.3,0.69,80,69,93.7,32,297,1,42700
18732,84,11.5,0.49,88,94,93.96,49,528,1,66700
11050,,12.1,0.815,68,60,94.07,13,310,1,50300
18432,84,10.2,0.734,83,93,93.2,28,321,1,66400
16850,96,13.1,0.481,97,96,99.61,46,1906,1,78700
11480,84,12.7,0.642,85,81,97.52,40,548,1,57400
10584,32,13.3,0.786,60,95,73.06,15,356,1,77700
5226,24,9.5,0.801,39,39,21.02,,89,0,55900
4460,,14.3,0.976,47,47,97.52,,248,1,33500
3600,19,14.4,0.997,,36,61.07,,688,0,38100
10430,39,11.6,0.95,84,55,96.9,6,74,1,36900
8310,19,12.7,0.914,54,43,46.7,5,108,1,45400
4898,,22.7,0.989,30,63,78.52,9,2664,0,48300
8920,47,14.6,0.715,46,68,76.17,42,157,1,42700
11208,51,12.7,0.834,65,55,61.99,25,219,1,39200
19264,85,10.4,0.439,79,98,98.53,30,285,1,68300
5000,,16.3,0.489,,69,70.62,,381,0,55400
5148,46,23.9,0.953,38,66,60.25,0,1750,0,51800
5834,47,17,0.774,42,79,86.72,24,1610,0,46700
6462,19,18.5,0.954,35,91,66.17,6,1304,0,60600
6996,52,19.3,0.789,61,80,87.08,28,1957,0,55500
7975,52,14.5,0.872,56,93,80.41,,1741,0,56600
4860,48,21.2,0.623,39,70,76.35,13,2421,0,49200
8242,24,12.7,0.849,52,77,88.49,11,195,1,38900
16230,83,15,0.699,63,79,95.2,17,688,1,65500
12200,52,11.2,0.825,76,87,43.27,32,96,1,51700
8025,44,17.4,0.753,68,65,60.82,10,374,1,46300
4422,43,21,0.78,29,73,56.55,4,1448,0,57700
10100,40,12.1,0.747,59,48,86.62,14,423,1,43700
9838,29,16.1,0.759,53,81,57.85,,1093,0,71700
9300,37,14.6,0.838,,51,64.58,38,267,1,37600
12600,43,19,0.813,82,84,71.8,,632,1,70900
10965,80,14.2,0.617,98,60,95.59,32,437,1,48000
2700,21,20.3,1,52,60,85.32,29,724,0,48200
7800,67,11.1,0.798,49,61,75.92,19,481,1,45500
9990,37,12.1,0.855,33,44,61.65,26,107,1,34900
5960,,38.2,1,,11,67.64,,1171,1,49600
3804,41,20.6,0.95,21,57,83.63,17,1840,0,41800
4120,22,15,0.582,19,60,63.28,,424,0,47400
